Address,Owner,Confidence,Type,Operator,Comment
PUTIC5LJFLCQTZWLG52KS5BX2QHWCKJB7JE5544T5NVB46OCDMSOMCAKVQ,AEX,2,CEX,,
32ZOP2VAG24WADFNO5KYXRNFMPEJW2AQRET57UPCLDYHJFVGZJBXA6LBMM,Ascendex (Bitmax),2,CEX,,
3TT3NBAFMXODXJ7CRN2PISXARITZIJPSWTCAXJZQXJJ7RCX3JFEJPUEF6A,Ascendex (Bitmax),2,CEX,,
GGUMZYT7GHGTOUOMBXVY3AY754UKOKABBD4732COI7IVXMOCR4P4X23YYA,Ascendex (Bitmax),2,CEX,,
YHNEBTGKMXNKHCIZHFKOKD4QLYSVWA2BO7CXOLHKKCYDWDAP7KUGV2HEQM,Ascendex (Bitmax),2,CEX,,
IQPDUHYU46ULMBYEDKTRS2CJZHIY44QR33LRHD3SG5MLHTFXCIA5E42D3I,BKEX,2,CEX,,
2R22657D6T7I2OQTJHWZMUPOIWNJH2R2KJOLKWBOC3NMNM25ZFS3ANWVJQ,BKEX,2,CEX,,
WXVQR4CFBF3USC5JXFFN5R6MMOZPGOHI3GKZFBU3S5NI5PTKWPBFCPZWZA,BTC Markets,2,CEX,,
F4MY7F4A3RNJT3UEX7JU6QKDB5VGYVGGXBLQVMRHJRBLR3YESFEOORNWHA,BTC Markets,2,CEX,,
4XMYSESRPRVOFT4EB5XXHHQSEQBTUA2XNIKWUOI32EWPL5N5RUUNWE4IJ4,BTC Markets,2,CEX,,
BMHBWFCZDR6SWDB6X2RH4OFPLPX5VVGCAXNXWUOCPUD3WWLDY7VY3TQJMI,BTCTurk,2,CEX,,
PLSKXSEYVSPF5JRXVPTYW7C7SGOC47NH2Q4MJWAKHB47BGSMSJVPUK7LMU,BTCTurk,2,CEX,,
JUL2CBXW3DUN2IK4ZODKIV3T3JFJGTU52GYIC2PDHVPXKUHENMH4VXE7CM,Bibox,2,CEX,,
6TEV6MGUQNGVUFRT6U4EBSKVJ5GCR56WF354O6GVTSPOSPJ4OOGNACLZDY,BigONE,2,CEX,,
HCUTA2M27FKUKPOVI2F7VSCSJI3MYQC3N6F6YO2SK3RM6W4GQPQ3AHHKEU,Bilaxy,2,CEX,,
LH3S57LNFJQNQAJTSL6N7PYCKZPH2VAUXWDWHJBQ223EETQMQXVBIZOEKM,Bilaxy,2,CEX,,
QYXDGS2XJJT7QNR6EJ2YHNZFONU6ROFM6BKTBNVT63ZXQ5OC6IYSPNDJ4U,Binance,2,CEX,,
SP745JJR4KPRQEXJZHVIEN736LYTL2T2DFMG3OIIFJBV66K73PHNMDCZVM,Binance,2,CEX,,
HEOQ3S6V47RFLU2RZ5GTQYJBEFRL54UWZ77PNUBNTDVSXIPYOPE2XZJSLE,Binance,2,CEX,,
ERMOEE32OP7WDHYT2A5E464222O7OUW3KM6I7TZSYHFPN3Z22RRU3IKVVY,Binance,2,CEX,,
MTCEM5YJJSYGW2RCXYXGE4SXLSPUUEJKQAWG2GUX6CNN72KQ3XPJCM6NOI,Binance,2,CEX,,
QXE3ITCREUKZXA57VZ3KOHFSTENVWE7FLLHZ5ITJ2BVTCUJ3YTUZRL2TNM,Binance US,2,CEX,,
6DYOG4VD447JMZRKOUFLKRTD4ULJZ2RRI7SIIFBEJEDA3PM7XVUTPRXSZU,Binance US,2,CEX,,
42BFW4KZXGUKYAIWJRY6JSP42EI2STN36CJ3YVEBOMQJTXKZ3BVQAPOF7E,Binance US,2,CEX,,
5NRU5N7XJM3V2KK3ENCWO5IG7VYA25UBWYJVNOX2EWSSDIOSGZ6QBMAAQ4,BingX,2,CEX,,
TYAFMZB7F2PITLEM5HYIGGDGD75RP4SBWVF6QRFQVMA53SI2BLELZIV5VI,BingX,2,CEX,,
RRPHQTWHANKSKT3LMJHEJBRVLQ43PIRYYI3TON6O6WFOR5O6C65C3N43UQ,BingX,2,CEX,,
3FRCCRN37PJKJLDYIJZFA2L57VJHLYY22KXHJFE77H254TFFQFGVQVQMTQ,BingX,2,CEX,,
VLB2Q6JSJKRUPCVREDQCYUNX7ZI3NRLFNFH5JMILWZ5OVGZAGAIK4M4ZOI,BingX,2,CEX,,
6VKSWQMS2TK5J4JJFWFBYZMCWQMXW5RPIR3WQ3R2JHV4WY6WVPBTEONYKM,Bit2Me,2,CEX,,
A6VPBZYHFWBH6L47BZTCCQTFXVKJYKBWSIIYOSKQHRVUWZ7XAKQKJ2GNIA,Bit2Me,2,CEX,,
5622JWBD3TDOJUTGFIB3H3TI4JE5ARW7W3WQL6JIJQ5ATFQISRSBVKOD6U,BitGet,2,CEX,,
3WOXKFNRGCIDYQQU2OX7J2CQGHQHQFRAA33E7GM4B4LT6MY4RK623G3HWU,BitMart,2,CEX,,
V4HTHXCB3UZ34N7LUYIFN6KBMWEJQFUOGAD5VU6SLR4YRAYAOWZZHLUZUM,BitMart,2,CEX,,
Q4VHAHM6VNR7P74MFCXM6XRY6RUVZ5O3VJL6E26YYTXHFXMZ7RSP3WWANY,BitMart,2,CEX,,
32ITT53SHUL5UFMS6AGYGWXX2YIDD5UAV7ZRWVOTJPDFSVDCFH5XTFGTOQ,BitPanda,2,CEX,,
QF3CAWM6RRCTSZCGD4D6V42NGW6ECH6O6VRGI3BEL2TUPHJYJAJ3UXLCTQ,BitPanda,2,CEX,,
LRDSA35VTQL3ORSNBCM7TPGMYZKWK3OTRWSKD6NSXOKAOIPHQXJFEKNS2Q,BitPanda,2,CEX,,
FFRGW3UJ3SC5MQIVBJ3TLO2KAAJBFPFKERTINN2XALIYPTSLYISB3D2R3U,BitPanda,2,CEX,,
JQPL5KM77WZWXSBROCHG4OSI3MODK4ERAVSEV3DEUYGWFFK7EKYCLIT6AU,BitPin,2,CEX,,
VADHW2W4EPK47Q4DIGBVHONEWZYXO4OGFMK4SRRU5CANZZSDRW76I4S42Q,BitThumb (SK),2,CEX,,
GH27QMBSQZF3O6J7SGXQRQMUQD264HNXZ7R6OXDPIOR5XOOE22UBWUXZI4,BitThumb (SK),2,CEX,,
LLYQZEQUBVTB3HOD2GLWQ2CRQ457DA57EICFV5O6I7CF6UC66SYHLEJQQ4,BitThumb (SK),2,CEX,,
KBSD7DEXXLIWGRJPDCVIUJ7IVBNKHPJJKRCOYIC3DYOSE66PQHG7X5LL4Q,BitThumb (SK),2,CEX,,
3NFYCDBNCRRPATYKVLWOSVWZOO6G2GA3TVR5ZEWSLVIHFUM6QLOOLCWZO4,BitZ,2,CEX,,
JDQ7EW3VY2ZHK4DKUHMNP35XLFPRJBND6M7SZ7W5RCFDNYAA47OC5IS62I,Bitfinex,2,CEX,,
CT7HPFSYMKHPJES4GEEA5VE6ML7PF4JUOKNSJNDK7MXYNYLMMTFJ7XDETY,Bitkub,2,CEX,,
4WXV2OVD5JMSD557MN567JI275UNXQJQIJB4X4HMBHI6LYR5I66XFW3BDA,Bitrue,2,CEX,,
CSFGMEOVR75FN5CYZMM6OPWIFIWW3IOT4WM4I3J7ISC3VYENVUZCLBJ6Z4,Bitso,2,CEX,,
4VS32XGKJA3YGH4CZHL6YLC5LWJJSDEHDYFW4WNLKDIYZ63LTCJ5JVJAFQ,Bitso,2,CEX,,
HK35AIVEVALFNHVF7ZDWOW4QZX5BWD7GO4RV7VMXYFXULAIYBTCS5NZ3G4,Bitso,2,CEX,,
BSMLAGYIPU3MROGDC6Q42WYMP4S7PENSEVAMIJLDCYQEBAMOEUC3SHKBPA,Bittime,2,CEX,,
FAMXONMLEMDD57HSUITLDPA7OFC5H3BSIN6UBWYOL2LOLRIHCGTN2CAH3Y,Bittrex,2,CEX,,
OYUTVRMJRAVXKYXS542BNWYRQE2IZJJKPROL6JHLBKEAXYURKQ5KARXH6U,Bitvavo,2,CEX,,
ASDNGCOKPWDF3IFVNGVYTRC4EBU4RGFBIX4PVFMBVUM3T4WIKID5GABY3Y,Bitvavo,2,CEX,,
HBR3NL2RR3BOKPRDNQSQO2GYOUXUM2ZHUUDDZOFYU2RT3DHLPLH2BWEA5Y,Bitvavo,2,CEX,,
3UCURHIUOMBS3D3LLWOSYKK3NLMSBCBJEE4TUQGEN62WVRJBPOA5OUQFAA,Blockchain.com,2,CEX,,
LUPLFMOVIC2TNAUVVZBCIAV2WGRZZAMNII6WBV7PSBQO3RVVSG6FBNIYWI,Blockchain.com,2,CEX,,
BCXQLC5SV7342EOG7Y7LWDYH2MSDAQE2ANBCDVFCT34GVV5YTOF7JFDOEE,Blofin,2,CEX,,
5GW5VO4JNTHXVH2DYV7HAKBKGQFSCAI4MBUD5EN3FLBGLF4KKRXJE24ASI,ByBit,2,CEX,,
3PSO6KGFY6JWFQ3C2CS5E6CSLR6T7QATDXVGKFJZFI43MHS4TF2U4EFLPU,CEX.io,2,CEX,,
6PO62A5VTCIQJWFGEV7RNAGXE5AVCIFI5VYOO4MX6OFEQHB6P2XCXW3SBY,Changelly,2,CEX,,
NXOY7T2J75FUSB7WB5FJXQQFIJFV4K7UZN4M5RC5BX2526FLUQWPBXN6IY,Changelly,2,CEX,,
4UE7AHNYEYD5Z2VJUYTU5JIXHLFJIVBXF3RXZRJSMN4ASAJEJOOBYOK4AE,Changelly,2,CEX,,
7OX3HVUAMTEIU3MHHUBAREGHX4STSOZL5EMZJD6ZTQCFTSSDQRRRHUSAIU,CoinJar,2,CEX,,
SPOTCFOC4VU5QX7O7GIDFBZJNB5F4UVIJFT7KYYJCIE26QWS5MOAKFQQ5I,CoinSpot,2,CEX,,
LSAH7NBFXSUP2RSNS4UDA6KA3THYIS5CAWVE7IG4N45FAEGQOXYCXSL4TI,CoinSpot,2,CEX,,
HIYYRB4HJ72LNSHPISGKUEB325DYQGYOPIP5VBZSP2HYEQY7AOIHAZT7DQ,CoinW,2,CEX,,
IOAPLETUFMCC32G6TYGR7U53GN2B24IAYGC6XWBRDQALF2ASQ4V7L3IGBU,CoinW,2,CEX,,
LWUWBZPVBS24TDBDZ72LUYJJF75KUJ3IUP6YGG45PVKGNAJYRGQD5CSCPA,Coinbase,2,CEX,,
MQOZTXRBYZ6JIPGQLNV6Y4REHFKVZKBXKIJVOGEYUDPLQNYZ5YJP72XZOE,Coinbase,2,CEX,,
UXVAPU4KERSMNUILDVZUKKF4KMWQ7RFSSYPXYSEGSYNYILC4FEHISKRBNM,Coinbase,2,CEX,,
27D6WYEDJZHLFCLJNDJF63RFYFO32KZHOYBHET7BSVDHSTJQQI5GFN2QVI,Coinbase,2,CEX,,
DLRY7TLD3KXB4G6IAIW5KGUZEVIDBS2OZ3LR7RFSJD2KEUDKWFXEBPK3HU,Coinbase,2,CEX,,
ASHPGJPHCZMSVBBUVFOVTSIYFKCR26STPOVPU4GWACKTZT35ZQYBSE775U,Coinbase,2,CEX,,
P73D4BTS5B55FBV5Q4K2JZNTJOOMACZY4TFYKLCHPCOGLUPGDBXDBVSS7E,Coinbase,2,CEX,,
A3MYPLCU5ZVXDJEAXAVV2SAUWJ4INWGPYOKM3FWOGUASOJ7V2L6DTC5YN4,Coinbase,2,CEX,,
5P4IEQSZBRAQHE4WQIIMYQGSVD4N6ZWM7TEJ3QXXMZIL4BR3MV6BFQYTUQ,Coinbase,2,CEX,,
ZDEFFZZ4NAWFP525TOGNWICWOXKOF74DFMYCE6BMMZIZVX5NNPYKN4SRRA,Coinbase,2,CEX,,
5EYP2467BNWUIE773T57P3VZ5RRMWUFCPSYOOUHVFP4AY5HSZ7MKECKTKI,Coinbase,2,CEX,,
WZY5ZGJ57YOVJ2TCMFXIH6TNLDC2FI2UJSWGG4XN5RK4XVQX4MMOIZD2AU,Coinbase,2,CEX,,
KQ6FVR6PTHMV7QV47LBSR3LVM3EWSNHJPTWQ7GUEFLI2NGKC3RAULQ27K4,Coinbase,2,CEX,,
R7ALVPEQRGECJK33LANXMPENWYALTAZQTSGNCTEQPKBSBDI5KO252SAK64,Coinbase,2,CEX,,
J63NZUR3S4LJC2RPBSOXGQ75DUVQEBTIFUWL2R7FCQES24HFLQAFB6WDAY,Coinbase,2,CEX,,
WD5EDLJCLRWFIBEUCT43J6QM3LGVNSYXUSMWGUKKUMJBZ65IKQWIAV2LIY,Coinbase,2,CEX,,
LYKPESAJWNRAV7XADUHBKLADBK47HWKIM4W3K7ICKXXEURMP2AJLYLFDF4,Coinbase,2,CEX,,
FFLRE4VZK35KAU65VLBRMR4KZVHE4S2TEXJJ6K4POZJZXUND3V2V6DVJNU,Coinbase,2,CEX,,
EENN3ZZRQ3LYK6DDKJHPGNSZQ277USW6YNDOLSI7O7JE2KXXA5XBMMJ2IM,Coinex,2,CEX,,
YBDSQOY2NDJUQMPIQ4SKTM2OKC75Y6ECZAQADH4JIM7R4CZPGOMSDGOHNU,Coinex,2,CEX,,
AXY45DUDUDXFK2IBS6L4H4HFUD23IEIN7JJAQKQAQFAGP2L77P4F57NJ5M,Coinlist,2,CEX,,
INEMEBYNS5I2CMX4JH3B7HFSY26AMJEO4T23Q3K6H6F7WR7JZMJ2YTOS7A,Coinlist,2,CEX,,
H2UADDAUBO3XUV76LDE4K7TSAGA3NOHLZJ5ANA5CLWEZZW6NVPWIS5WTLY,Coinstore,2,CEX,,
USJEM4NZJQ5WQJFRSAVUASFSRJTA5L5F5RSZEQC7WM4IQPY7SX6HRC2E5Q,Crypto.com,2,CEX,,
OEXAVV5G6JCPP5YORI7VOVIIIV5MGSYLXAXA7WVKPOGHRVP5YBTTX6M6FE,Crypto.com,2,CEX,,
QWKLUAQ37BGQS4G6GTGIWPMIIOS4HHUELF5ZXWP2YNTELCTHJXUMTLVDMA,Crypto.com,2,CEX,,
ZQZSRRRDQTCUQLOEGIHQXIGPNM53XYC7BVJJKQ3TNBR5YJOCNTAO4HQLY4,Crypto.com,2,CEX,,
UI6AGNWYGQD6HNQVEZ5ZTAQR27FHZ45VMLTS7LTSF2IZGAJMOIF4V4EEVU,Crypto.com,2,CEX,,
FZVTURXRTENBPLCMIW7FF2E5UEKXW33VGV7BOPQFBOMNMBPZTEPJW4J7RE,Crypto.com,2,CEX,,
JGIYRXJP7MHFOTJERXIPZ4PDIJFAOJBRRZW4RDCA3NPGAKV456GL24XGHY,CryptoPay,2,CEX,,
3Z5XFNGHOV64UYN4OAZDFZ4ZJXUOXMUQNURYHZOQGR6NRE6FKYEIT5L34I,EXMO,2,CEX,,
AKOTRD5FWFHN6RRBDZFXE5BKONI5P3ETWDES257V7FN3EEIQWDWB7HNNII,EXMO,2,CEX,,
NC72UHZZKTB2GNQMJHDNTRIRNQXLY2N6BE5DPRDM4PFKDNGSSYQSJH7KXU,EXMO,2,CEX,,
UF3IEZZKTPCUHFNXW37AIT7T7Q6KNQC2LFDKL3VVO6OGL4USYAWHPCIZBQ,EXMO,2,CEX,,
IPYEOCI6XZ2LMJW3UG2J6LSLXNSGX54RFBLSNAAFJHEDRUERSSYXHTR3FM,Exodus Wallet,2,CEX,,
JBMDG3V2I3OP42UP2WS6F5QPXYF4PNY7NPJFI3XIKQ2HTOBHUZZ5AK7KHU,Exodus Wallet,2,CEX,,
6JL66FIRCCHLWRIVOCGNTWRT5S47VLUAESQ7PSUF4CREAWPUYSVH6IUHCI,FTX,2,CEX,,
R4K73PLDXOODXPOLGCCE4CZEG4JQECKT5CP2YQM36THGXWVQRL5GKTGKUQ,FTX,2,CEX,,
WECLYJ4ERN445J4Y4IDRV274HMFG7MJ3A2IWOUCHSUKEQNORIVW7QEKKNY,Flipster (AQX),2,CEX,,
ITXPBXQ4NUVOTU4ZFO6A2NRVZS64FPWZUAAV5GK4YTYGMCLFKNREDNEDT4,FreeWallet,2,CEX,,
BVMEUTF37WNEQ6GYCZISRFHGLEMOKT5OCPPTTJXVED6JBSXKF6YJJRZRI4,Gate.io,2,CEX,,
7BL55CRKRASIQI263JQ5H5A4JJQFSHL7RWXMCKM6YDZAIJVEZQ76SXF2S4,Gate.io,2,CEX,,
YDRTADVLLGLU76ARI4NU5V4XTXPHDJII7A5MY3UL6II77LGE5SPQUKJWI4,Hoo.com,2,CEX,,
AXZJMJVPKJRA5Y7JOEEOYRXEMK6HP27B46MEZPP7Q7ACE2D6NV72NENBKE,Hotbit,2,CEX,,
XLQRQIOWAJRL22CVSFM2UNV4TG3BPQVQLPZ2J2S7J2IQ3EFT2YHILJ7VTA,Hotbit,2,CEX,,
ZI4WHUM6YBY2RTVEJV33BORSH4O7AG7PXF5AACANR7Y3W5X6VNWJWU6VTU,Huobi,2,CEX,,
Z5EGMAIPJLBHH5U2QMBWOMHZT4K5T7UDCHZ3JRGYY7DHVOFLJABNDQBPPU,Huobi,2,CEX,,
VIHQZSDUMBXWPT4YAMWDR4A6BJFCLUGJRKCP2COUEN2XI2ZCSMLYGCU7JM,Huobi,2,CEX,,
QD6NSI23VUWBUUT5PJJV7KZ34QEWRIOJJACSYA2OR743RCQQJVLEVZ4WW4,Huobi,2,CEX,,
J4AEINCSSLDA7LNBNWM4ZXFCTLTOZT5LG3F5BLMFPJYGFWVCMU37EZI2AM,Huobi,2,CEX,,
AXKCE4MXLRGFTUBQY7PMQDBIDNNFRKBERZN2RCYL7RMH6NAEX5SWAERFYY,Indodax,2,CEX,,
E6X462WQOSYOTSJD7BKPESAZPYFQRTQEJVRP2AWF3QWGYDG2J3VWJMFR4E,Indodax,2,CEX,,
TUWEGKET4EGUK6HNPTTRVVV5HHR4A7GGN2PD5ZX5HN2NWIF56YTQWQ4EZQ,Korbit,2,CEX,,
OOOFAW4KOQXXYWRAK7PRW5CJRAJK2G6CLGRZ4I7UUI2RZAROK5JMPBKOQM,Korbit,2,CEX,,
6L63JKTLVR7I5S6R6LSXSGPTZ6XAQEDXTH4V5CJXDGCXBTDJJYAUFBIRPE,Korbit,2,CEX,,
MCYCCS4D2RMHF2ZU3ZGTI4VZQVMBNXUOEKNDME2SZJYI7KOXTLJSZMY2DA,Korbit,2,CEX,,
7LXGH4WPEXJ3HOPON5BDHJSJ7NWPBAELDOWLINCMMW2GOQWOSSNP76D4ZA,Kraken,2,CEX,,
ZFY37HKKZ6QYZ2KOUPKAPCKLGPEDZT4FLLVITWS5VUTNOIDX3WVK2ENVIU,Kraken,2,CEX,,
C4PZ7RSTYDAAEJE3PIMJW3BRYKNY6OHYZVZO6OLXPZKBMXVWDB4PBECTZI,Kraken,2,CEX,,
U2ABGNIVIMBERAEMVTFBNNKJKQ6CL3JIQXWZ7YG3SHEBYZNIQVLANTU4YQ,Kraken,2,CEX,,
IVBHJFHZWPXRX2EA7AH7Y4UTTBO2AK73XI65OIXDEAEN7VO2IHWXKOKOVM,Kraken,2,CEX,,
3CIPOIS4KLKSA3XOCIRKX2TVUJ2V3F5A4P525VGMFCPGN7QFKDDYUABYOY,Kucoin,2,CEX,,
YXDKDH5XHXL6OYMH2HYCJCXOZWPOBEUNK5ICFVJRFW3JVQXZ6HQ6QPVQVA,Kucoin,2,CEX,,
IMGMVBZEPMM36AIMWI7FZHG2G44KEESC5ALZHWX7B7SBNBDY6Z7COYMO6U,Kucoin,2,CEX,,
RDKDV7CVOXLHO2OXBJCSLFDNJBTENDVT3LMFRYTZS7EKIAMAXZKBL42KHA,Kucoin,2,CEX,,
VH4JT2U5PX7X5M5YFDBDRFGDVTO53UEYXLUNYWITUOF5DOTH4DJQGEGXCE,LBank,2,CEX,,
DCNMIE63YBFOV3NYPM434PM444CY23KSBYUUFQQVDTPDBOIDN5ESKCQL5M,LBank,2,CEX,,
XMP53MUN4CPNUAPKEWKC2SJ65YHSPJPHABZBJP7TYLXJ6FFYBXIEGPJWIM,LBank,2,CEX,,
FP43MF63WTTUNOOV23XVTSNVIY4UN3WPLHJ2WW3M4OPQSI5IJ4BEKAK2HU,Lemon Cash,2,CEX,,
D3SFA2OHNZ63SWQEOHSBMDDQPWUXKKZE7BWKLCY6F5XEJLARGONICDD3QE,Lemon Cash,2,CEX,,
6AHDUO3DJGJEXKQVKZZ4PW4WR4IEEBX7W3P77Q3FXMH32KZL3MEVIYUXJA,Luno,2,CEX,,
ZEJPIFQF5MSDOB3YA6OUG4S26FFX64SCTHKDMYCCB26JGG7DC4IPBWQSLQ,MEXC,2,CEX,,
M3IAMWFYEIJWLWFIIOEDFOLGIVMEOB3F4I3CA4BIAHJENHUUSX63APOXXM,MEXC,2,CEX,,
GQAPU7KTHRHIZHY35PJPPWTMDBVEBQUM6L3ADHE54K4T2RVRNKMCDINUNU,Mese.io,2,CEX,,
ZY6BN6YYKBPQHRIWKJPAKUWUHITBZ5TMIURC7IXUJ7QM6VFRGDGA3QB7N4,Mexo,2,CEX,,
45JN3TRGHRCS4WYDGTKCYMMYN6Z2LXGMGNEFEJ5CM7BRCE5EK2FR27K4IA,NDAX,2,CEX,,
MZO4RABK7T3ZV6N75Z4IVDTI56BPPLSKWBKUDIY7NJNO2PVKSTAP4IGNTA,NDAX,2,CEX,,
YNNIFIP46LBK5PGRWUSOABNIQDOFL2NRLPY6DNOUR4RD5MC4GTDJ4LAIQI,Netcoins,2,CEX,,
ATBJFHENXPHD7RZHHDWHQVNW2AJJ4WJP6Z5OXRVKYYAEFIBDYSSLM7YUWY,Netcoins,2,CEX,,
H2KE4AIZPIWHLSAMLQFUGRYTUFLGUA2FUM7CHTXNJ67LPOQ3F46TOSIQQM,Netcoins,2,CEX,,
FF5YJ5EJDDRDX3D54OEE76DIT2CII4KGU5B7K34B22OI5A2JHE7TNH6HI4,Newton.co,2,CEX,,
VPEYFRK3E36FO7Y6PKKZVSPAK2WCWKLR4MQYHDIHKOTXBFTJVFQNWXI6DE,Newton.co,2,CEX,,
6EG4HCO66VEDKUPX7JDML2ZKHPA3UZXCIZQU7K5OVFOU4LOAOSNG6VXFLU,Nexo,2,CEX,,
IG6REVINPWZOUZAFL4JXWNPA7OTV7WOD7YHZWOEYADP5B2KQL27ITSWLYM,Nexo,2,CEX,,
WRGZ2OKNY45KAT2RSCSPKLLOOG4GSSMD7PX4YY7DPMRQMIK2YRBPP6CUMA,Nobitex,2,CEX,,
6ABLO2GCGA4F3A2TJEVZVR7A73HVIJ7NTQZHBVU42YGVDRCBZEA6IXUW7U,Nobitex,2,CEX,,
TKWBX6VWCYKIP6MUCTGUSGTAYKXDIUREYIK3PQGAWNLAVGX5MJABE4ODDI,Novadax,2,CEX,,
WRWOW5QXGYSZ47UJYTGRBO27KJP5WZSSOFKZCYA77S3HJKJTSW4K4E4TTY,OkCoin,2,CEX,,
ZVMOZVZJK64NEYDPUDGGC52NI6HOX2LUQVIWYCQTJ2DFXRGPL72C2BQYNM,Okex,2,CEX,,
KK6UJVR57FULTMBR6NQTWJR5D4U7WY6HZYR2O272NDZMZERPS42TQQNZBI,Okex,2,CEX,,
33TEPJ2V7LVEUF5UJ4XZKTNJDZ2THE67TH7BRJKQZH6ZPKLPWKE4DWGMAI,Okex,2,CEX,,
P5IFX3UBXZJPDSLPT4TB4RYACD2XJ74XSNKCF7KMW3P7ZGN4RRE3C2T5WM,Paribu,2,CEX,,
GVDYDJGOJRRUPDNTUOIZ7CNTMRMC33LY2ULRQBWBTSJSURXHEXIJHO5NHU,Phemex,2,CEX,,
ELTYSGAQGC7HGU56ZOCGSTZX3V7Z7Z5DHFKIRCLWTEWP5T3ZVLLNWQVWD4,Pionex,2,CEX,,
QC7EZQEWHH4D7P4GG6EGIJIGG5E7ORURMMP5HFWUCN4ONT4LOQ7IVBCSNI,Pionex,2,CEX,,
FICJGBANRGZTSCIGJFT6FVXP2RI4TFCNK57ZQGCKFRMRNSKF7ASTM7LFIE,ProBit,2,CEX,,
UWB2IGRCW5PPBQZ2B2JISZ2Y6NB3VI6UEBCSJLDW4VLWIUTWRE2GXPFUDE,Reku,2,CEX,,
XPC37NKC7SZO3UNN654BMDSYXEXJPZ63BEOH7HYH5DSUYOLVPI243NMZZQ,SideShift.ai,2,CEX,,
KMQG24BRP4ZZWPGDJRDJPC3NQR5MFY5M24WSZGT2EXRYTEFE4YM2YFTV5E,SideShift.ai,2,CEX,,
FI7DTQAS3OXWIKM3TYIGYHJL5BQP7S7LEDGXORXT7ND3R5CF2KMKPJHQSQ,Simpleswap,2,CEX,,
OHFOF4GBX2RLHOQBAMAECD662QPOIGODRDAXFSYQELLSPN4VHIVQ6ZUI7Y,Superex,2,CEX,,
H6BVV63Q5SQUARZG3RN5AZQVZCOCJGYJSW5WG6U5OWDMXLH4YHOHZ3SLLY,Triv,2,CEX,,
7GVBCCMFQJAEARTUZR7KLJ62J35DWDH6ECQ7AXAFQNUKV3TDQVXS7HFESE,Triv,2,CEX,,
YQB5AH5SGT7IFA7DQICODI6355PIUE4OLEJWREFKDNFTJTCZ6ZJBZLBPQI,Upbit,2,CEX,,
5NJXLZJZ4UFDGCIKFC4KUSOOJKC6HTC4T6G26OSPFCWF4UQVTZ5RIW5H6I,Upbit,2,CEX,,
GXH7J3JWWAZLAHWJPBIVVXSNV52S35NALXPUKEEVPJXOJK5LZBRJPNSDHU,Upbit,2,CEX,,
COO7YAEA2OHJ5RXWSNWEB62GBOKUJMLGGFZR6O7WG5EWV4YRJVXNRGOHJE,Upbit,2,CEX,,
OKHEI2TFHACIMFDCP3WAMJRK6BL33EDAWVHZE7RWF4V2BKLEWHENX4EFB4,Upbit,2,CEX,,
7ZC2JOTHFKKVMKKZQPQQP52QZ3H2ECMTWXV4ZXGQT2MWKNRCTS3X7BBFXY,Upbit,2,CEX,,
N2C374IRX7HEX2YEQWJBTRSVRHRUV4ZSF76S54WV4COTHRUNYRCI47R3WU,Upbit,2,CEX,,
QFSCXCWOACMYLX6C5EGTH4VW6ADMBJSFVXCQIWXGVUGFZ5VYNZTS3ZCQRQ,Upbit,2,CEX,,
TIPERHIFNSXETGLYQVK7VWIKYVNPOUYNMEOYHRESBKNBTBQHITNUS2E3GE,Upbit,2,CEX,,
VSFE76W7BPZPURIPYS6EBKT3BBDWDKJ2HDNEKHHKNRSKROISF3G3BWLQEM,Upbit,2,CEX,,
WWLWEBRO2CD5UIV4XNQUB6VLODWFB5QERCF7BS2H73JXSJAAVKPHE3JSY4,Upbit,2,CEX,,
BFU3RJUUBUYTDP4FSMKC5GY5AA2PTPDGZX5K4ONT2RUXB2VSSXD5YB2FOY,Upbit,2,CEX,,
HMKN4BCGCDUFWIPOIKDBUTC6RXFKOKOB6TWO25ETRHTKJFTJZPD6Y3BOLQ,Uphold,2,CEX,,
KYUKRI3RLYBGEIAXK5MITZTAUGA7ZAXDD23SAD3M3CQIPB4JDXPRLTHJMM,Uphold,2,CEX,,
UOBI7HNAPC77WA3BMWMFXUA3AXSVR6NOWK3O6W6MY4ODKUAF3V6MGFIKP4,Uphold,2,CEX,,
WTIMETRQZRYWY3ZUIL3QZV5BINGRSX5ZC4CEBFMGULEAQMJ2QYPLJAGLM4,Uphold,2,CEX,,
FC7PNTX4BIYZFQNRY6RKRCRQQEEVUQMCJUEWFE24CFVR65L2PDK4M6YNOY,Vindax,2,CEX,,
JL6MNZADBYWCOPYJ2LG3HRDFWECVGQTDIJNKRCYBW6J6C3IUJ4APUP4NW4,WhiteBIT,2,CEX,,
YHMUNFOUZT4HBGHRNE5AXCFWTCPS5PSPNSJWOUXYWV2IIYUTA7OXSVSCZQ,Wirex,2,CEX,,
VUPXQYINFQ2XE6C3MULXOUB35LSMKVNJZHMP33MEGN53SAE6RBO5A5F7AU,Wirex,2,CEX,,
C2BBUXNOPXGVL7Z6ZOXRGZQU2ICUA7PWKGKPTCLKZMM544ZLIZ2SSBHPOM,XT,2,CEX,,
EVYKEQBAWSPE6YQRPQPGSSO2L7U6WIM7CWU45SSWZHMCKF6FUTUGQ2KVWQ,XT,2,CEX,,
IMOKG5EGFBZUR5ESXIYXQ4WZHIYGEABCS6XVY3PSGGWBRUSS22FAUGVMHA,Xeggex,2,CEX,,
KY7SEZ66MRHKYH4JKREXFTIN2K7TWA3WFJYS4WHTSON2PBRAS7XYIHGJMY,Zonda,2,CEX,,
VVU2LEKHHCF2PACOOIMSH6WY6AM5XMFWZRGWVHR65CILVVS6F4PHNIH35Y,Folks Finance,1,Folks Finance,Folks Finance,
3YIIMZRD4UVBXWQKCROQW5KRWGS6KPK6F6C2B6GYGANPMBLGJ5HYOQVP4E,Folks Finance,1,Folks Finance,Defly,
F4M4ECEE6RIZB2QDM6CM46MMK5KD2F3FTVANKXZMH5TDBIEXAG2FOAK3II,Folks Finance,1,Folks Finance,Defly,
4TPMQLUIBMQ6ILR4FSBEWJACEOYJVYZ7PWL333KL47DHVT6TJHH55E5WWE,Folks Finance,1,Folks Finance,Folks Finance,
H4PFJ2T5FSYKIQYJ6YZG5XE7B4X2TKHUDZRBDJXNEHCUMAGTKYLW5Y6XHQ,Folks Finance,1,Folks Finance,Folks Finance,
EYNLSXSZFXDQBBJ7AQX35SVU6YSMINGLFZTOUOK7EYZIWG7AICHFVW5QPI,Folks Finance,1,Folks Finance,Folks Finance,
L5BLJ4FNK6FNM7V5NUVT5QI6NQAERLLHYT24XH6RS2DUC4WDHPM5LOLGBY,Algorand Foundation,3,Company,,
62UUOSMOMD6XOSRROCIIMVVF2VX6N4CMVLCUFUVWV4Q4T4BHD7ETFNWMOI,Algorand Foundation,3,Company,,
LHVWNRKGGOTSSDYK4P4WKXTHZI5SAFKUO5ALAW7NJ6G76RG4UXLBCWN5LQ,Algorand Foundation,3,Company,,
GJGK42UVZK4IDKN5MGP53A6FJEHRI52PI4E3BBJZRZCQZ666BKYILYXI2E,Algorand Foundation,3,Company,,
MKZIWVBDBZV7UK6XQY3DFLYSBLSJWCDHDJWK3JAHWCFMNJOH4ZXQSMOUCE,Algorand Foundation,3,Company,,
EU6CHYSH7ZXLJQAPPIN6W3KS7VAURYZCB5P3ZCXMYCWNJF6V5RTVL2UPHU,Algorand Foundation,3,Company,,
TBN2J7U3J5D4I7R2EK7XIBFNTEGVLHNORAXQ6YBJY5IVNY5IIKOXSJRYCE,Algorand Foundation,3,Company,,
4H5UNRBJ2Q6JENAXQ6HNTGKLKINP4J4VTQBEPK5F3I6RDICMZBPGNH6KD4,Algorand Foundation,3,Company,,
NRDDQ7MFRTUTMDAP4CBXDQ2IVP5VSLKDASADLLANYLFIKR7NQOGOUINYM4,Algorand Foundation,3,Company,,
VEJGTLTKNT3VGLG2GVB2LMXC55WYW6J6WPZ76XTY2Y46TRJQOORWERYXYE,Algorand Foundation,3,Company,,
XBYLS2E6YI6XXL5BWCAMOA4GTWHXWENZMX5UHXMRNWWUQ7BXCY5WC5TEPA,Algorand Foundation,3,Company,,
EP2YRTCL3SAA7HYG7KKWUC6ZH36SLYIKOX4FORKXZLUUQASP5JDJP4UU5A,Tinyman,2,Tinyman,,
JHCVUBWAJHEMNPBZDNYVXK6DNRFUJWNLWXDDLLBOLIL3KFCQAOI3XVMWOA,Algorand Technologies,3,Company,,
PZ7TILKNWVGJTAWF7YSBYDHT44SN6NQJXHI55ODGJXGXHGB64BH6MBDGFY,Algorand Technologies,3,Company,,
EG6JXQ3TQBWRSTR3OEDUS5RTPLMA4KTMJIV3N6DO7XN2XRKIFEN64DY3BU,Algorand Foundation,3,Company,,
WDWBXGJIXO3N6A7AZ25XU4UX5Q3FJJ5CCKFCUEUWE75ZF5I6H47X37EY6M,Algorand Foundation,3,Company,,
DEK6IBQKSX5JPKUSIDCLRUEXTAJLSEM5EFZWXDDYYVPKBH3JOS4NPT477U,Algorand Technologies,3,Company,,
D6CCE7DL3GSVOCQDPWMNR5V7JEKGXOJACCU4A4K76DLJHZ4H47WRVBPUNY,Tinyman,2,Tinyman,,
ZZIZOLHGLEVI7TPZEKZKRHC35D5CPYU3KZQA7JUTQ4QM62UITOU6WNJRNA,Valar Solutions,3,Company,,
RLGJJV7MRE447DZSGCDYZJA4UTZ5V4RKC4A4E3UAPJVP4J7MDVOZGG6XBE,Valar Solutions,3,Company,,
UDXCG2K5LI4WPF2J57MGYK4LDSQCMET7EY4PME5PPLXDDY2QQU5UOL5BMY,Marc Vanlerberghe,3,Individual,,
FREDESTDMDNTXKITMO2TEL4ADKHJ7KOQ4HHCX7N65NGTBNLUCWI7W7AMHY,Fred Estante,3,Individual,,
NODERNETFVI25BYSLNYXBYBVJS3SQ7TOIFPRI3SC3M2H53AKY5YA2UUIVU,Ben Derova,2,Individual,,
RSV2YCHXA7MWGFTX3WYI7TVGAS5W5XH5M7ZQVXPPRQ7DNTNW36OW2TRR6I,TxnLab,3,Company,,
B4ZWC6MK63PMY2TCVJ5LMEQVSWWJKEGQJCZFXUOR5HNFUCA4L743OPEMKQ,P2P.org,3,Company,,
UKZM663BYLUTDYHF725KCWEOQM4YZ2BN3LCTE5LT4W3TC2H6DAUUMNZNJA,Bitvavo,2,CEX,,
IWOME3IFZSMWOYT2LDYWFF2XLI7MHMJWKISFDEMXG6BTP6XZZ2QIO3X5T4,Kiln,3,Company,,
HX5HBBKB75PPWZHRMOG5M22PYNU7HZ5CBS3B7TMDPKRSCA6TZ56VNAAKCU,Kiln,3,Company,,
YKMJ5A65DVXXZ67YFVN72GCHDYTRF2UZEV6OZTNDNVF33YIPZMNBAVHRHI,Kiln,3,Company,,
ALGONODEIBJTET5OSEAXIHDSIEG7C2DOFB2WDYLRZTXN3NXVJ3NJD26L4E,Nodely,3,Company,,
2R5FTTVDIAQ55I5SPW5BE6R2SVYY45O5W64XGIVBLHQYWMZARRXTO4VIHQ,,1,,Nodely,
YO4ZOK3AEX4YDMOBIYLQUYHO75YPCIOD24PR6KIAVHUW5TZ4OCPSXV6BQE,Folks Finance Lending,3,Escrow,,
DNENHJOFOPOCKW3H3VJXXCPCXYDOW5HMWCHOGVPLY7JQFLGH5KSE7IXVDI,Folks Finance Lending,3,Escrow,,
7CUF7J3QIVSOG4537G6YT66EOIJO2M2WSPUVEAJSC4NE3CTKDO4OBCDOJU,Tinyman Liquid ReStaking,3,Escrow,,
XE2VD23URF632SDAHABF4VDYLZ54UGLSNSURQWB7PI3XJUN55DY64RLWXQ,Tinyman tALGO-xALGO LP,3,Escrow,,
VVBWRAJ3YSZGXBGJ2K654J3WA2VZOJW5U4SJCZWLM634H572WTGWTT53EE,Tinyman tALGO-USDC LP,3,Escrow,,
UEWJFZXF7V7J4YG6HK7WQUTV5K7BEIPLCM6ZX2Y57ALZ2IOL2NHG2B5RXY,Crypto.com,2,CEX,,
5I7NE6QCQYZUUKKMZ2HLB2AWO7NDUXNKVFACAF46NEP3TA6ZHAYOHIEVMU,Coinbase,1,CEX,,
7ZUHI3E5Z7V5XJTQISK76KXG4O7KJY66VD7LFIX2EZ5Z5VOVZBONZDAVWM,Coinbase,1,CEX,,
WW5MEAVIVE3X4N6ZED4CEXUKAAEBACMS2HSGG7GIOXKHWCWKCAGAWDSGL4,Coinbase,1,CEX,,
K4F7HD3ZEQZ7SG5XDSXJSC6HVXXCQQQK6E47MRA5ZUJ2I7Y54G4LUZKMUY,Whale 01,1,Individual,,
WT3VFYZ4T4ISUNCO3O3PIRWPLGYXTT24VVGMBAVQXFQR2MYIIXRLKOCFNQ,Whale 02,1,Individual,,
NHKYJWBRQLESFT66S6N44FMSLLDEF7RHAT3BBK6CDMCP4RSLQ3RLF2AMYQ,Whale 03,1,Individual,,
M3B6LT7IWT6CQ7NZEWSCEMWX2IWY3RC5EMZISW2V6WBWQ3IFK3EVOWJSCE,Whale 03,1,Individual,,
7IISQ474IZKGPO66HGBWUBHAJR4FLYLR52NNMPVN6NA2YQOGYDKJNK36RU,Whale 04,1,Company,,
7USALIOQHU2BUCTYP3ZZMUO634H6OWPERHZQQO6FVC7P5CYDWRXEW5VWZU,Whale 04,1,Company,,
H7CDKBNTC4OVBFZXFYG5CEZJXA4VDRJGHT26MXOJVBGPI7MMO7VSE4RZHA,Whale 04,1,Company,,